{
    "status": "success",
    "data": {
        "fzl": 120.213123,
        "bly": 120.213123,
        "mzt": 120.213123
    }
}